dataset,n,TN,FP,FN,TP,false_positive_rate,false_negative_rate,precision,recall,accuracy
heart,131,44,8,4,75,0.15384615384615385,0.05063291139240506,0.9036144578313253,0.9493670886075949,0.9083969465648855
diabetes,110,67,4,16,23,0.056338028169014086,0.41025641025641024,0.8518518518518519,0.5897435897435898,0.8181818181818182
kidney,58,25,0,0,33,0.0,0.0,1.0,1.0,1.0
