group,dataset,n,pos_rate,selection_rate,accuracy,f1,auc,tpr,fpr
F,heart,28,0.2857142857142857,0.39285714285714285,0.8214285714285714,0.7368421052631579,0.85625,0.875,0.2
M,heart,103,0.6893203883495146,0.6990291262135923,0.9320388349514563,0.951048951048951,0.9388204225352113,0.9577464788732394,0.125
