dataset,accuracy,f1,auc,brier,ece,mce,n_bins
heart,0.9083969465648855,0.9259259259259259,0.9379259980525804,0.07634760414243738,0.058036856176060136,0.25062168235969606,10
diabetes,0.8181818181818182,0.696969696969697,0.886240520043337,0.13484908592614667,0.08099792203880617,0.22276493792108554,10
kidney,1.0,1.0,1.0,0.0009747482463416969,0.01405455179773844,0.22230016925264637,10
